{
    "extrinsic": [0.00840510785491956,	-0.999961190748392,	-0.002640295249633,	0.168286110980556,
-0.142759677144184,	0.00141339341761096,	-0.989756372498170,	-0.0469181408292542,
0.989721692570005	,0.008695936758344,	-0.142742257023837,	-0.150966608607935,
0.0,	0.0,	0.0,	1.0],
    "intrinsic": [7.540395174508950e+02,	0.0,	640,
		  0.0,	7.550060859231929e+02,	360,
		  0.0,	0.0,	1.0]
}
